[{"methods":[{"deprecated":"false","description":"Method for Button","name":"Button","params":[{"name":"input","type":"component"},{"name":"duration","type":"number"},{"name":"startDelay","type":"number"},{"name":"scaleX","type":"number"},{"name":"scaleY","type":"number"},{"name":"alpha","type":"number"},{"name":"translationY","type":"number"},{"name":"translationX","type":"number"},{"name":"rotation","type":"number"}]},{"deprecated":"false","description":"Method for Canvas","name":"Canvas","params":[{"name":"input","type":"component"},{"name":"duration","type":"number"},{"name":"startDelay","type":"number"},{"name":"scaleX","type":"number"},{"name":"scaleY","type":"number"},{"name":"alpha","type":"number"},{"name":"translationY","type":"number"},{"name":"translationX","type":"number"},{"name":"rotation","type":"number"}]},{"deprecated":"false","description":"Method for CheckBox","name":"CheckBox","params":[{"name":"input","type":"component"},{"name":"duration","type":"number"},{"name":"startDelay","type":"number"},{"name":"scaleX","type":"number"},{"name":"scaleY","type":"number"},{"name":"alpha","type":"number"},{"name":"translationY","type":"number"},{"name":"translationX","type":"number"},{"name":"rotation","type":"number"}]},{"deprecated":"false","description":"Method for HorizontalA","name":"HorizontalA","params":[{"name":"input","type":"component"},{"name":"duration","type":"number"},{"name":"startDelay","type":"number"},{"name":"scaleX","type":"number"},{"name":"scaleY","type":"number"},{"name":"alpha","type":"number"},{"name":"translationY","type":"number"},{"name":"translationX","type":"number"},{"name":"rotation","type":"number"}]},{"deprecated":"false","description":"Method for Image","name":"Image","params":[{"name":"input","type":"component"},{"name":"duration","type":"number"},{"name":"startDelay","type":"number"},{"name":"scaleX","type":"number"},{"name":"scaleY","type":"number"},{"name":"alpha","type":"number"},{"name":"translationY","type":"number"},{"name":"translationX","type":"number"},{"name":"rotation","type":"number"}]},{"deprecated":"false","description":"Method for Label","name":"Label","params":[{"name":"input","type":"component"},{"name":"duration","type":"number"},{"name":"startDelay","type":"number"},{"name":"scaleX","type":"number"},{"name":"scaleY","type":"number"},{"name":"alpha","type":"number"},{"name":"translationY","type":"number"},{"name":"translationX","type":"number"},{"name":"rotation","type":"number"}]},{"deprecated":"false","description":"Method for TextBox","name":"TextBox","params":[{"name":"input","type":"component"},{"name":"duration","type":"number"},{"name":"startDelay","type":"number"},{"name":"scaleX","type":"number"},{"name":"scaleY","type":"number"},{"name":"alpha","type":"number"},{"name":"translationY","type":"number"},{"name":"translationX","type":"number"},{"name":"rotation","type":"number"}]},{"deprecated":"false","description":"Method for VerticalA","name":"VerticalA","params":[{"name":"input","type":"component"},{"name":"duration","type":"number"},{"name":"startDelay","type":"number"},{"name":"scaleX","type":"number"},{"name":"scaleY","type":"number"},{"name":"alpha","type":"number"},{"name":"translationY","type":"number"},{"name":"translationX","type":"number"},{"name":"rotation","type":"number"}]},{"deprecated":"false","description":"Method for WebViewer","name":"WebViewer","params":[{"name":"input","type":"component"},{"name":"duration","type":"number"},{"name":"startDelay","type":"number"},{"name":"scaleX","type":"number"},{"name":"scaleY","type":"number"},{"name":"alpha","type":"number"},{"name":"translationY","type":"number"},{"name":"translationX","type":"number"},{"name":"rotation","type":"number"}]}],"nonVisible":"true","external":"true","helpString":"Component for Animacion","events":[],"name":"Animacion","iconName":"","blockProperties":[],"categoryString":"EXTENSION","properties":[],"type":"co.com.dendritas.Animacion","showOnPalette":"true","version":"1"}]