[{"methods":[{"deprecated":"false","description":"Return a list of account names of a given account type.","name":"AccountNames","params":[{"name":"accountType","type":"text"}],"returnType":"any"},{"deprecated":"false","description":"Return a list of all registered account types.","name":"AccountTypes","params":[],"returnType":"any"},{"deprecated":"false","description":"Return the Avatar of the given account name (email address). In case there is no avatar available, empty string is provided.","name":"Avatar","params":[{"name":"accountName","type":"text"}],"returnType":"text"},{"deprecated":"false","description":"Return the eMail of the user's first Google Account. In case there is no Google account available, empty string is provided.","name":"Email","params":[],"returnType":"text"},{"deprecated":"false","description":"Return the Name of the given account name (email address). In case there is no name available, empty string is provided.","name":"Name","params":[{"name":"accountName","type":"text"}],"returnType":"text"}],"nonVisible":"true","external":"true","helpString":"Extension to get some information from the Account Manager. Version 4 as of 2016-12-09 for App Inventor version nb153 and Companion version 2.39.","events":[],"name":"TaifunAM","iconName":"https://puravidaapps.com/images/taifun16.png","blockProperties":[],"categoryString":"EXTENSION","properties":[],"type":"com.puravidaapps.TaifunAM","showOnPalette":"true","version":"4"}]