[{"methods":[{"deprecated":"false","description":"Method for NoVisibleSnackbarButton","name":"NoVisibleSnackbarButton","params":[]},{"deprecated":"false","description":"Method for Snackbar","name":"Snackbar","params":[{"name":"text","type":"text"}]},{"deprecated":"false","description":"Method for SnackbarButton","name":"SnackbarButton","params":[{"name":"text","type":"text"},{"name":"textButton","type":"text"}]}],"nonVisible":"true","external":"true","helpString":"añadir Snackbar a la Aplicacion","events":[{"deprecated":"false","description":"Event for ClickButtonSnackbar","name":"ClickButtonSnackbar","params":[]}],"name":"Snackbar","iconName":"https://drive.google.com/uc?export=download&id=0B6Gaxelf7K-3ZGlWYTJNaHVTQnM","blockProperties":[{"deprecated":"false","description":"Snackbar Color Backgraund","name":"ColorBackgraund","type":"text","rw":"read-write"},{"deprecated":"false","description":"Snackbar Color Font","name":"ColorFont","type":"text","rw":"read-write"},{"deprecated":"false","description":"","name":"ColorFontButton","type":"text","rw":"write-only"},{"deprecated":"false","description":"","name":"FontSize","type":"number","rw":"write-only"},{"deprecated":"false","description":"","name":"MarginBottom","type":"number","rw":"write-only"}],"categoryString":"EXTENSION","properties":[{"name":"ColorBackgraund","defaultValue":"#4862A3","editorType":"string"},{"name":"ColorFont","defaultValue":"#FFFFFF","editorType":"string"},{"name":"ColorFontButton","defaultValue":"#FFFFFF","editorType":"string"},{"name":"FontSize","defaultValue":"14.0","editorType":"non_negative_float"},{"name":"MarginBottom","defaultValue":"0","editorType":"non_negative_float"}],"type":"co.com.dendritas.Snackbar","showOnPalette":"true","version":"1"}]