[{"methods":[{"deprecated":"false","description":"Provide an account picker to pick a Google account.","name":"Pick","params":[]}],"nonVisible":"true","external":"true","helpString":"Extension to pick a Google Account. Version 1 as of 2016-12-05 for App Inventor version nb153 and Companion version 2.39.","events":[{"deprecated":"false","description":"Event raised after account has been picked.","name":"Picked","params":[{"name":"accountName","type":"text"}]}],"name":"TaifunGoogleAccount","iconName":"https://puravidaapps.com/images/taifun16.png","blockProperties":[],"categoryString":"EXTENSION","properties":[],"type":"com.puravidaapps.TaifunGoogleAccount","showOnPalette":"true","version":"2"}]