[{"methods":[{"deprecated":"false","description":"Authenticate users with their email addresses and passwords. Sign up","name":"CreateUserWithEmailAndPassword","params":[{"name":"email","type":"text"},{"name":"password","type":"text"}]},{"deprecated":"false","description":"Delete a Firebase user account. Unauthenticate","name":"DeleteUserAccount","params":[{"name":"idToken","type":"text"}]},{"deprecated":"false","description":"Return info about user account from Firebase.","name":"GetUserInfo","params":[{"name":"idToken","type":"text"}]},{"deprecated":"false","description":"Exchange a refresh token for an ID token, return: expires_in, Baerer token_type, refresh_token, id_token, user_id, project_id and access_token also.","name":"RefreshIdToken","params":[{"name":"refreshToken","type":"text"}]},{"deprecated":"false","description":"Authenticate users with their email addresses and passwords. Sign in","name":"SignInWithEmailAndPassword","params":[{"name":"email","type":"text"},{"name":"password","type":"text"}]},{"deprecated":"false","description":"Authenticate users with Facebook account.","name":"SignInWithFacebook","params":[{"name":"facebookAccessToken","type":"text"}]},{"deprecated":"false","description":"Authenticate users with Facebook or Google account.","name":"SignInWithGoogle","params":[{"name":"googleIdToken","type":"text"}]},{"deprecated":"false","description":"You can update a user's profile (display name / photo URL)","name":"UpdateProfile","params":[{"name":"idToken","type":"text"},{"name":"displayName","type":"text"},{"name":"photoUrl","type":"text"}]}],"nonVisible":"true","external":"true","helpString":"Firebase Authentication.","events":[{"deprecated":"false","description":"After exchange Refresh token for an id token.\n New idToken, refreshToken are returned from Firebase.","name":"AfterRefreshToken","params":[{"name":"idToken","type":"text"},{"name":"refreshToken","type":"text"},{"name":"expireIn","type":"text"},{"name":"localId","type":"text"}]},{"deprecated":"false","description":"After Update profile.\n localId, email, displayName, photoUrl, and new idToken, refreshToken are returned from Firebase.","name":"AfterUpdate","params":[{"name":"localId","type":"text"},{"name":"email","type":"text"},{"name":"displayName","type":"text"},{"name":"photoUrl","type":"text"},{"name":"idToken","type":"text"},{"name":"refreshToken","type":"text"},{"name":"expireIn","type":"text"}]},{"deprecated":"false","description":"Event that return Response PayLoad for Error handler.","name":"FirebaseAuthError","params":[{"name":"message","type":"text"}]},{"deprecated":"false","description":"After Sign up or Sign in with email and password.\n email, idToken, refreshToken, expireIn, localId are returned from Firebase.","name":"FirebaseAuthUserData","params":[{"name":"email","type":"text"},{"name":"idToken","type":"text"},{"name":"refreshToken","type":"text"},{"name":"expireIn","type":"text"},{"name":"localId","type":"text"}]},{"deprecated":"false","description":"After GetUserInfo method.\n localId, email, displayName, photoUrl, disabled state are returned from Firebase.","name":"GotUserInfo","params":[{"name":"localId","type":"text"},{"name":"email","type":"text"},{"name":"displayName","type":"text"},{"name":"photoUrl","type":"text"},{"name":"disabled","type":"text"}]},{"deprecated":"false","description":"After Sign up or Sign in with Facebook or Google\n federatedId, localId, email, firstName, lastName, displayName, photoUrl, idToken, refreshToken, expireIn are returned from Firebase.","name":"OAuthCredentialData","params":[{"name":"localId","type":"text"},{"name":"email","type":"text"},{"name":"firstName","type":"text"},{"name":"lastName","type":"text"},{"name":"displayName","type":"text"},{"name":"photoUrl","type":"text"},{"name":"idToken","type":"text"},{"name":"refreshToken","type":"text"},{"name":"expireIn","type":"text"}]}],"name":"FirebaseAuth","iconName":"http://www.mirxtremapps.com/icon/Firebase.png","blockProperties":[{"deprecated":"false","description":"Never allow Cookies","name":"AllowCookies","type":"boolean","rw":"invisible"},{"deprecated":"false","description":"The Firebase project API, Go to Firebase console and get the project API in overview > Project settings","name":"ApiKey","type":"text","rw":"invisible"},{"deprecated":"false","description":"Content-Type: application/json","name":"RequestHeaders","type":"list","rw":"invisible"},{"deprecated":"false","description":"","name":"ResponseFileName","type":"text","rw":"invisible"},{"deprecated":"false","description":"","name":"SaveResponse","type":"boolean","rw":"invisible"},{"deprecated":"false","description":"The URL for the web request.","name":"Url","type":"text","rw":"invisible"}],"categoryString":"EXTENSION","properties":[{"name":"ApiKey","defaultValue":"YOUR_FIREBASE_API","editorType":"string"}],"type":"com.mirxtremapps.FirebaseAuth","showOnPalette":"true","version":"1"}]