[{
 "categoryString": "EXTENSION",
 "nonVisible": "true",
 "iconName": "https://firebasestorage.googleapis.com/v0/b/extensions-3caad.appspot.com/o/Dialog.png?alt=media&token=caf8ec0d-a1bd-4615-90f1-3521a30c9be1",
 "methods": [
  {
   "deprecated": "false",
   "name": "decrypt",
   "description": "Decrypt a string",
   "params": [
    {
     "name": "key",
     "type": "text"
    },
    {
     "name": "initVector",
     "type": "text"
    },
    {
     "name": "encrypted",
     "type": "text"
    }
   ],
   "returnType": "text"
  },
  {
   "deprecated": "false",
   "name": "encryptString",
   "description": "Encrypt a string",
   "params": [
    {
     "name": "key",
     "type": "text"
    },
    {
     "name": "initVector",
     "type": "text"
    },
    {
     "name": "value",
     "type": "text"
    }
   ],
   "returnType": "text"
  }
 ],
 "blockProperties": [],
 "helpUrl": "",
 "type": "com.makeroid.extensions.AES",
 "version": "1",
 "external": "true",
 "showOnPalette": "true",
 "name": "AES",
 "helpString": "Extension for AES encryption/decryption",
 "properties": [],
 "events": []
},{
 "categoryString": "EXTENSION",
 "nonVisible": "true",
 "iconName": "http://kwanta66.weebly.com/uploads/2/6/9/3/26936205/extra.png",
 "methods": [
  {
   "deprecated": "false",
   "name": "CreateIcon",
   "description": "Creates a homescreen icon",
   "params": [
    {
     "name": "packageName",
     "type": "text"
    },
    {
     "name": "className",
     "type": "text"
    },
    {
     "name": "icon",
     "type": "text"
    },
    {
     "name": "name",
     "type": "text"
    }
   ]
  },
  {
   "deprecated": "false",
   "name": "setErrorText",
   "description": "Set error.",
   "params": [
    {
     "name": "errorText",
     "type": "text"
    },
    {
     "name": "textBox",
     "type": "component"
    }
   ]
  },
  {
   "deprecated": "false",
   "name": "setHighlightColour",
   "description": "Set highlight colour.",
   "params": [
    {
     "name": "argb",
     "type": "number"
    },
    {
     "name": "textBox",
     "type": "component"
    }
   ]
  },
  {
   "deprecated": "false",
   "name": "setHintColour",
   "description": "Set hint colour.",
   "params": [
    {
     "name": "argb",
     "type": "number"
    },
    {
     "name": "textBox",
     "type": "component"
    }
   ]
  },
  {
   "deprecated": "false",
   "name": "setLightTheme",
   "description": "Set app theme",
   "params": [{
    "name": "theme",
    "type": "number"
   }]
  },
  {
   "deprecated": "false",
   "name": "setTheme",
   "description": "Set app theme",
   "params": [{
    "name": "theme",
    "type": "number"
   }]
  }
 ],
 "blockProperties": [],
 "helpUrl": "",
 "type": "com.makeroid.extensions.ExtraComponents",
 "version": "1",
 "external": "true",
 "showOnPalette": "true",
 "name": "ExtraComponents",
 "helpString": "An extension which adds more components than those in the designer palette. Made by Vishwas Adiga",
 "properties": [],
 "events": []
}]